Full Name,Email,Mobile,City,DOB,Gender,Age
Rakesh,rakesh@gmail.com,9876543213,Kolkata,28-12-1990,Male,29
Rakesh,rakesh@gmail.com,9876543214,Kolkata,29-12-1990,Male,30
Rakesh,rakesh@gmail.com,9876543215,Kolkata,30-12-1990,Male,31
Rakesh,rakesh@gmail.com,9876543216,Kolkata,31-12-1990,Male,32
Rakesh,rakesh@gmail.com,9876543217,Kolkata,01-01-1991,Male,33
Rakesh,rakesh@gmail.com,9876543218,Kolkata,02-01-1991,Male,34
Rakesh,rakesh@gmail.com,9876543219,Kolkata,03-01-1991,Male,35
Rakesh,rakesh1@gmail.com,9876543220,Kolkata,04-01-1991,Male,36
Rakesh,rakesh2@gmail.com,9876543221,Kolkata,05-01-1991,Male,37
Rakesh,rakesh3@gmail.com,9876543222,Kolkata,06-01-1991,Male,38
Rakesh,rakesh4@gmail.com,9876543223,Kolkata,07-01-1991,Male,39
Rakesh,rakesh5@gmail.com,9876543224,Kolkata,08-01-1991,Male,40
Rakesh,rakesh6@gmail.com,9876543225,Kolkata,09-01-1991,Male,41
Rakesh,rakesh7@gmail.com,9876543226,Kolkata,10-01-1991,Male,42
Rakesh,rakesh8@gmail.com,9876543227,Kolkata,11-01-1991,Male,43
Rakesh,rakesh9@gmail.com,9876543228,Kolkata,12-01-1991,Male,44
Rakesh,rakesh10@gmail.com,9876543229,Kolkata,13-01-1991,Male,45
Rakesh,rakesh11@gmail.com,9876543230,Kolkata,14-01-1991,Male,46
Rakesh,rakesh12@gmail.com,9876543231,Kolkata,15-01-1991,Male,47
Rakesh,rakesh13@gmail.com,9876543232,Kolkata,16-01-1991,Male,48
Rakesh,rakesh14@gmail.com,9876543233,Kolkata,17-01-1991,Male,49
Rakesh,rakesh15@gmail.com,9876543234,Kolkata,18-01-1991,Male,50
Rakesh,rakesh16@gmail.com,9876543235,Kolkata,19-01-1991,Male,51
Rakesh,rakesh17@gmail.com,9876543236,Kolkata,20-01-1991,Male,52
Rakesh,rakesh18@gmail.com,9876543237,Kolkata,21-01-1991,Male,53
Rakesh,rakesh19@gmail.com,9876543238,Kolkata,22-01-1991,Male,54
Rakesh,rakesh20@gmail.com,9876543239,Kolkata,23-01-1991,Male,55
Rakesh,rakesh21@gmail.com,9876543240,Kolkata,24-01-1991,Male,56
Rakesh,rakesh22@gmail.com,9876543241,Kolkata,25-01-1991,Male,57
